"","CO_IES","CO_REGIAO","CO_UF"
"1",1,5,51
"2",2,5,53
"3",3,2,28
"4",4,1,13
"5",6,3,31
"6",10,4,41
"7",11,2,26
"8",13,4,43
"9",14,4,43
"10",18,4,43
"11",19,3,35
"12",20,4,43
"13",21,4,43
"14",19229,5,53
"15",353,4,41
"16",22,3,35
"17",195,3,33
"18",23,4,43
"19",24,2,29
"20",26,3,33
"21",27,3,31
"22",29,2,23
"23",30,3,31
"24",32,2,27
"25",18817,3,35
"26",4024,3,35
"27",18049,3,35
"28",19501,3,35
"29",19864,3,35
"30",24672,3,35
"31",23438,3,35
"32",967,3,35
"33",15581,3,35
"34",15695,3,35
"35",37,3,35
"36",15585,3,35
"37",19578,3,35
"38",15714,3,35
"39",4023,3,35
"40",5627,3,35
"41",15715,3,35
"42",15682,3,35
"43",15746,3,35
"44",15696,3,35
"45",33,3,35
"46",15709,3,35
"47",15753,3,35
"48",23459,3,35
"49",15803,3,35
"50",15757,3,35
"51",4025,3,35
"52",15639,3,35
"53",4021,3,35
"54",17942,3,35
"55",19739,3,35
"56",15687,3,35
"57",15784,3,35
"58",15693,3,35
"59",23705,3,35
"60",19500,3,35
"61",16410,3,35
"62",15576,3,35
"63",36,3,35
"64",19862,3,35
"65",15769,3,35
"66",17952,3,35
"67",15745,3,35
"68",15708,3,35
"69",15704,3,35
"70",15793,3,35
"71",16395,3,35
"72",18099,3,35
"73",15697,3,35
"74",35,3,35
"75",15689,3,35
"76",4022,3,35
"77",15680,3,35
"78",15752,3,35
"79",4020,3,35
"80",23700,3,35
"81",1583,3,35
"82",17953,3,35
"83",19863,3,35
"84",4926,3,35
"85",22939,3,35
"86",1584,3,35
"87",5633,3,35
"88",4026,3,35
"89",17977,3,35
"90",23867,3,35
"91",22319,3,35
"92",5099,3,35
"93",34,3,35
"94",15688,3,35
"95",21713,3,35
"96",20478,3,35
"97",1874,3,35
"98",38,1,15
"99",40,2,29
"100",9,4,41
"101",730,4,41
"102",18492,4,41
"103",609,4,41
"104",1126,4,41
"105",57,4,41
"106",43,4,42
"107",1869,3,31
"108",47,5,52
"109",149,3,35
"110",59,3,35
"111",1870,3,35
"112",3641,3,35
"113",67,3,35
"114",68,3,35
"115",71,2,24
"116",4356,2,26
"117",72,2,26
"118",73,2,26
"119",4858,2,26
"120",76,4,42
"121",78,3,32
"122",79,3,35
"123",80,4,42
"124",81,4,42
"125",82,4,42
"126",1783,4,42
"127",83,4,42
"128",84,3,33
"129",5671,3,33
"130",87,4,42
"131",18874,2,27
"132",5228,2,27
"133",3974,5,52
"134",94,3,35
"135",93,3,35
"136",95,2,23
"137",3972,3,31
"138",3488,3,31
"139",99,3,31
"140",1575,3,31
"141",107,3,31
"142",1844,3,35
"143",1623,3,35
"144",4962,3,31
"145",1418,3,35
"146",1569,3,35
"147",124,3,35
"148",125,3,35
"149",126,3,31
"150",5312,3,35
"151",5394,3,31
"152",2575,3,35
"153",2774,3,35
"154",137,3,35
"155",138,3,35
"156",22116,3,33
"157",22917,3,33
"158",140,3,33
"159",141,3,31
"160",143,3,31
"161",144,2,26
"162",1129,3,35
"163",150,3,35
"164",2129,3,35
"165",3614,3,33
"166",2591,3,33
"167",1851,3,33
"168",13695,3,33
"169",21952,3,35
"170",151,3,35
"171",2128,3,35
"172",2126,3,33
"173",1363,2,29
"174",152,2,29
"175",1036,3,31
"176",1557,3,31
"177",158,3,33
"178",159,2,26
"179",160,2,26
"180",162,3,35
"181",862,5,50
"182",1486,3,32
"183",1496,3,32
"184",1509,3,31
"185",1659,3,35
"186",22191,4,42
"187",1986,3,31
"188",163,3,33
"189",22076,2,29
"190",2501,5,52
"191",1510,4,42
"192",1149,3,35
"193",165,3,33
"194",166,3,31
"195",167,3,35
"196",171,3,31
"197",1586,3,31
"198",176,3,33
"199",3753,3,35
"200",2409,2,26
"201",1041,4,43
"202",1153,3,33
"203",191,3,33
"204",190,3,33
"205",194,3,33
"206",192,3,33
"207",193,3,33
"208",197,4,41
"209",200,3,35
"210",203,3,35
"211",1365,3,35
"212",206,3,35
"213",207,3,35
"214",208,3,35
"215",2183,3,35
"216",4502,3,33
"217",213,3,35
"218",214,3,31
"219",216,3,31
"220",217,3,35
"221",219,3,35
"222",220,3,33
"223",221,3,35
"224",222,3,35
"225",224,3,35
"226",226,3,35
"227",227,3,35
"228",1878,3,35
"229",231,3,35
"230",1445,3,35
"231",234,3,35
"232",1836,3,35
"233",240,3,33
"234",243,3,35
"235",244,3,35
"236",1266,3,35
"237",1230,3,35
"238",255,3,35
"239",263,3,35
"240",265,3,35
"241",266,3,35
"242",267,3,32
"243",2056,3,35
"244",269,3,35
"245",271,3,35
"246",275,3,35
"247",276,3,35
"248",277,3,33
"249",278,3,33
"250",279,3,33
"251",1559,3,32
"252",288,3,31
"253",5318,4,42
"254",294,4,43
"255",295,4,43
"256",296,4,43
"257",5600,4,43
"258",299,4,41
"259",3983,3,31
"260",1064,3,32
"261",5313,3,31
"262",5316,3,31
"263",1063,3,32
"264",2220,3,31
"265",5315,3,32
"266",5276,3,31
"267",1558,3,31
"268",1243,3,32
"269",5370,3,31
"270",1909,3,31
"271",1568,3,31
"272",5314,3,32
"273",2096,3,31
"274",1926,3,31
"275",21812,3,31
"276",1254,3,31
"277",307,3,31
"278",14151,3,31
"279",14248,3,31
"280",14157,3,31
"281",14246,3,31
"282",14115,3,31
"283",14162,3,31
"284",308,3,31
"285",15453,3,31
"286",15357,3,31
"287",15467,3,31
"288",15468,3,31
"289",14206,3,31
"290",14155,3,31
"291",14101,3,31
"292",14148,3,31
"293",14133,3,31
"294",14147,3,31
"295",14132,3,31
"296",14243,3,31
"297",14121,3,31
"298",1624,3,35
"299",22316,3,35
"300",316,3,35
"301",22312,3,35
"302",321,3,35
"303",1128,3,31
"304",4722,3,31
"305",1221,3,35
"306",330,3,33
"307",1846,3,35
"308",336,3,31
"309",1825,3,31
"310",1139,3,31
"311",1860,3,31
"312",1923,3,31
"313",337,3,31
"314",338,3,31
"315",343,3,31
"316",345,3,31
"317",346,3,35
"318",351,3,31
"319",352,2,25
"320",355,4,41
"321",360,3,35
"322",363,3,35
"323",1450,3,31
"324",367,3,31
"325",368,3,35
"326",3177,3,35
"327",372,3,35
"328",373,3,35
"329",2556,3,35
"330",374,3,35
"331",985,5,52
"332",3389,5,52
"333",3789,5,52
"334",4113,5,52
"335",15173,5,52
"336",384,5,52
"337",17680,5,52
"338",385,2,29
"339",386,5,52
"340",387,5,50
"341",1155,5,50
"342",4522,3,35
"343",1355,3,35
"344",396,2,29
"345",1709,2,26
"346",398,2,28
"347",22514,2,26
"348",4530,2,27
"349",399,2,29
"350",4420,2,26
"351",402,5,53
"352",878,3,31
"353",2723,2,26
"354",403,5,53
"355",2365,1,17
"356",404,5,53
"357",405,2,26
"358",409,2,26
"359",410,2,26
"360",415,3,35
"361",417,3,35
"362",1224,3,35
"363",420,3,35
"364",423,4,43
"365",1842,4,43
"366",426,4,43
"367",3529,3,35
"368",430,4,41
"369",431,3,35
"370",432,4,41
"371",434,3,35
"372",435,3,31
"373",4010,4,43
"374",437,4,41
"375",439,3,35
"376",22175,3,35
"377",438,3,35
"378",440,3,35
"379",441,4,42
"380",4793,3,35
"381",446,4,43
"382",448,4,43
"383",5317,4,43
"384",453,1,17
"385",452,1,13
"386",449,4,43
"387",1426,5,52
"388",451,1,15
"389",454,4,43
"390",456,3,35
"391",461,3,35
"392",466,3,35
"393",2565,3,33
"394",1419,4,41
"395",472,3,33
"396",474,3,33
"397",473,3,33
"398",1081,3,33
"399",475,3,33
"400",1080,3,33
"401",1542,3,33
"402",480,3,33
"403",482,4,42
"404",483,3,35
"405",1189,4,42
"406",5242,2,27
"407",489,3,33
"408",490,3,33
"409",491,3,35
"410",494,4,42
"411",495,3,35
"412",496,3,35
"413",1420,3,35
"414",5215,3,35
"415",501,3,32
"416",502,3,35
"417",4030,3,33
"418",506,3,33
"419",508,3,31
"420",510,3,31
"421",3875,3,31
"422",513,3,31
"423",514,3,33
"424",517,3,35
"425",518,5,53
"426",519,2,29
"427",521,3,35
"428",522,3,33
"429",526,3,35
"430",527,5,52
"431",528,3,33
"432",530,3,32
"433",3515,2,26
"434",532,4,43
"435",533,3,35
"436",534,2,29
"437",535,4,41
"438",546,3,35
"439",161,3,35
"440",547,3,33
"441",549,1,12
"442",550,2,25
"443",3966,3,31
"444",555,2,23
"445",568,2,21
"446",4016,3,33
"447",602,3,35
"448",605,3,35
"449",607,3,32
"450",606,3,32
"451",608,3,35
"452",3514,3,31
"453",4219,3,31
"454",615,3,31
"455",3516,3,31
"456",3432,3,35
"457",1043,3,35
"458",17224,2,27
"459",621,2,27
"460",17226,2,27
"461",622,3,33
"462",1497,3,35
"463",1070,3,31
"464",1084,4,43
"465",2334,3,33
"466",626,4,43
"467",1655,3,31
"468",2084,4,43
"469",631,4,43
"470",1530,4,42
"471",1506,4,42
"472",627,3,31
"473",625,3,35
"474",1231,4,43
"475",14383,3,31
"476",1417,4,41
"477",2184,4,43
"478",1156,3,33
"479",5599,3,31
"480",634,4,43
"481",636,3,35
"482",1327,4,43
"483",944,3,33
"484",637,3,35
"485",638,3,31
"486",1201,3,31
"487",640,3,33
"488",2676,1,13
"489",12338,4,43
"490",641,4,43
"491",1936,5,51
"492",1042,4,41
"493",17138,4,42
"494",645,4,42
"495",648,3,31
"496",649,4,41
"497",657,2,26
"498",17775,2,26
"499",15410,2,26
"500",661,2,28
"501",663,3,33
"502",142,3,31
"503",664,3,32
"504",665,3,35
"505",666,2,29
"506",668,1,13
"507",669,1,13
"508",2468,3,33
"509",670,3,35
"510",672,3,35
"511",4429,5,50
"512",673,5,50
"513",674,2,26
"514",1356,3,35
"515",677,3,33
"516",5439,5,53
"517",4218,3,31
"518",1840,3,32
"519",685,2,26
"520",686,2,26
"521",688,2,29
"522",5285,4,43
"523",692,2,26
"524",693,3,33
"525",694,5,50
"526",701,2,26
"527",702,2,26
"528",704,2,26
"529",703,2,26
"530",705,3,33
"531",706,5,53
"532",1692,3,35
"533",707,3,35
"534",1437,3,35
"535",712,3,33
"536",715,4,41
"537",716,3,35
"538",718,2,24
"539",719,5,51
"540",720,2,26
"541",724,2,24
"542",727,3,31
"543",375,3,35
"544",1299,3,35
"545",734,3,35
"546",739,3,32
"547",737,3,35
"548",1904,3,33
"549",744,5,52
"550",745,3,35
"551",746,2,23
"552",749,2,22
"553",750,1,17
"554",752,3,31
"555",753,2,26
"556",755,5,52
"557",756,2,22
"558",760,2,26
"559",763,5,52
"560",3787,1,16
"561",3783,1,15
"562",3778,2,28
"563",1446,5,53
"564",2911,1,15
"565",2917,1,16
"566",2248,2,28
"567",764,3,33
"568",1187,3,35
"569",11645,1,11
"570",4255,1,11
"571",12758,1,11
"572",789,1,14
"573",790,3,35
"574",3985,3,35
"575",792,1,15
"576",1817,4,41
"577",22202,2,29
"578",793,3,35
"579",4009,4,41
"580",1547,2,23
"581",3779,3,35
"582",2460,2,24
"583",1457,3,35
"584",1280,3,35
"585",2380,1,16
"586",2122,2,28
"587",1058,2,29
"588",1298,2,27
"589",2036,1,15
"590",1077,2,26
"591",1107,2,23
"592",794,5,51
"593",795,5,51
"594",796,5,51
"595",798,3,32
"596",802,3,33
"597",1046,3,35
"598",809,3,31
"599",810,4,41
"600",14403,4,41
"601",1196,4,41
"602",19375,4,41
"603",17632,4,41
"604",19404,4,41
"605",19735,4,41
"606",18290,4,41
"607",18147,4,41
"608",18716,4,41
"609",19407,4,41
"610",19406,4,41
"611",17420,4,41
"612",18714,4,41
"613",18726,4,41
"614",19733,4,41
"615",4396,5,52
"616",824,5,52
"617",825,3,31
"618",5670,5,51
"619",829,1,17
"620",830,1,16
"621",831,3,35
"622",832,3,31
"623",833,1,11
"624",838,2,23
"625",837,2,23
"626",839,3,32
"627",840,3,32
"628",1498,3,32
"629",2245,3,32
"630",843,3,35
"631",1307,3,35
"632",845,3,35
"633",846,2,22
"634",1656,2,22
"635",2150,2,22
"636",847,2,22
"637",3784,2,24
"638",1462,2,25
"639",848,2,25
"640",2243,2,25
"641",2908,2,24
"642",849,3,31
"643",1182,3,35
"644",1872,4,41
"645",861,1,16
"646",1032,3,35
"647",873,4,41
"648",874,3,32
"649",1550,4,41
"650",877,4,41
"651",2165,4,41
"652",2086,4,41
"653",881,3,35
"654",882,3,35
"655",890,3,31
"656",1038,5,50
"657",3170,4,42
"658",898,3,35
"659",900,1,11
"660",905,3,35
"661",908,2,27
"662",2244,2,27
"663",2075,2,27
"664",909,3,33
"665",910,3,35
"666",913,5,50
"667",916,2,22
"668",918,4,41
"669",923,3,35
"670",1422,1,13
"671",1142,3,32
"672",1125,4,41
"673",939,5,52
"674",952,3,35
"675",953,3,35
"676",1162,5,51
"677",1867,3,31
"678",3688,4,41
"679",989,3,31
"680",991,3,33
"681",1444,3,35
"682",997,3,35
"683",2328,3,35
"684",1012,2,26
"685",1014,4,42
"686",5369,3,31
"687",1225,3,35
"688",828,3,31
"689",4185,3,35
"690",1554,3,35
"691",3823,3,31
"692",1019,3,31
"693",1170,2,29
"694",17116,2,26
"695",1021,2,26
"696",1143,2,26
"697",1028,5,50
"698",1049,1,13
"699",1051,2,27
"700",3754,3,31
"701",1123,2,29
"702",1055,2,29
"703",1060,5,53
"704",1428,5,53
"705",1067,5,52
"706",1068,3,31
"707",1071,5,50
"708",3805,2,25
"709",1075,2,25
"710",1076,2,25
"711",1079,4,41
"712",1085,4,43
"713",19172,1,11
"714",1087,1,11
"715",1090,2,28
"716",1092,3,35
"717",1174,3,31
"718",3692,3,35
"719",1385,3,35
"720",15508,2,22
"721",22131,1,17
"722",4450,1,15
"723",21892,1,17
"724",1113,5,53
"725",1115,2,21
"726",738,3,35
"727",545,3,31
"728",4938,4,41
"729",135,3,35
"730",1854,3,35
"731",1131,2,22
"732",1136,2,26
"733",1360,2,22
"734",1141,3,33
"735",1144,3,35
"736",1379,3,32
"737",1151,2,28
"738",1157,3,32
"739",1159,3,32
"740",1160,5,52
"741",14609,3,35
"742",4817,3,35
"743",4814,3,35
"744",4815,3,35
"745",1150,3,35
"746",4819,3,35
"747",1286,3,35
"748",17516,3,35
"749",15502,3,35
"750",1195,3,35
"751",1526,3,35
"752",4820,3,35
"753",17691,3,35
"754",17690,3,35
"755",15501,3,35
"756",1175,4,43
"757",1185,2,29
"758",370,3,35
"759",1191,2,23
"760",1192,3,35
"761",1198,4,41
"762",1202,3,31
"763",1205,4,41
"764",1208,2,24
"765",4157,4,42
"766",2175,4,42
"767",1472,4,42
"768",2755,4,42
"769",16914,4,42
"770",1958,4,42
"771",1957,4,42
"772",1763,4,42
"773",3155,4,42
"774",3159,4,42
"775",1219,3,35
"776",1227,2,29
"777",1237,5,52
"778",1239,5,52
"779",2073,5,52
"780",2442,3,32
"781",2351,3,32
"782",1240,3,32
"783",23318,3,32
"784",1244,3,32
"785",1245,3,32
"786",1970,3,32
"787",1248,5,50
"788",1249,5,50
"789",1253,3,31
"790",1256,4,41
"791",5403,4,41
"792",1263,3,33
"793",1264,2,24
"794",1267,4,42
"795",2174,4,42
"796",1270,3,35
"797",17803,3,35
"798",1273,3,35
"799",1276,3,35
"800",1279,3,35
"801",1281,3,35
"802",1294,3,35
"803",4064,2,26
"804",1296,2,26
"805",1300,3,35
"806",1302,2,29
"807",19284,2,29
"808",1310,3,35
"809",14878,3,35
"810",13811,3,33
"811",1311,3,35
"812",1317,3,35
"813",1318,2,29
"814",13873,3,31
"815",682,3,31
"816",1319,3,31
"817",4043,3,35
"818",1322,3,35
"819",1325,4,41
"820",1328,2,26
"821",1330,3,31
"822",2491,5,53
"823",1333,5,53
"824",12625,2,25
"825",1334,2,25
"826",5186,4,41
"827",1612,4,41
"828",1336,4,41
"829",1337,4,41
"830",1350,2,23
"831",14028,3,31
"832",4766,3,31
"833",1618,4,42
"834",22736,4,42
"835",4045,4,41
"836",3758,4,42
"837",3691,4,42
"838",3437,4,42
"839",19257,3,31
"840",21415,3,31
"841",302,3,31
"842",1351,4,42
"843",18454,3,31
"844",19865,3,31
"845",5017,3,33
"846",5051,3,33
"847",5021,3,33
"848",5018,3,33
"849",5016,3,33
"850",23713,3,33
"851",5020,3,33
"852",1357,3,33
"853",19588,3,33
"854",5053,3,33
"855",5052,3,33
"856",1100,3,35
"857",2741,1,17
"858",1362,3,31
"859",1373,3,35
"860",1375,5,51
"861",1381,1,13
"862",1780,4,43
"863",1382,4,43
"864",1383,2,26
"865",1384,2,26
"866",4211,3,35
"867",1386,3,35
"868",17902,3,35
"869",1387,3,35
"870",1388,3,35
"871",1395,5,52
"872",1396,4,41
"873",3193,4,41
"874",1401,2,22
"875",1402,5,52
"876",1403,1,11
"877",1404,5,52
"878",1409,3,32
"879",17828,3,32
"880",1411,2,29
"881",1413,3,35
"882",1414,1,11
"883",1423,1,15
"884",1427,4,43
"885",12523,4,43
"886",1429,3,33
"887",1430,4,41
"888",1434,3,35
"889",1436,1,13
"890",1439,3,35
"891",1438,3,35
"892",1440,5,52
"893",1441,2,22
"894",1841,3,35
"895",3602,4,41
"896",1459,3,31
"897",1455,2,29
"898",1454,2,26
"899",1468,3,31
"900",1469,4,42
"901",2632,2,29
"902",1494,3,32
"903",1752,3,35
"904",1493,5,52
"905",1491,4,41
"906",20406,3,35
"907",20465,3,35
"908",1490,3,35
"909",1488,3,33
"910",1487,4,41
"911",18719,4,42
"912",1500,4,41
"913",1508,4,41
"914",1513,2,22
"915",1514,3,32
"916",1519,4,41
"917",1521,1,15
"918",1523,4,41
"919",1535,4,41
"920",1536,4,41
"921",1540,1,11
"922",1541,3,35
"923",1538,5,53
"924",1546,2,21
"925",1552,2,22
"926",1556,2,23
"927",1561,3,35
"928",1564,3,33
"929",1883,2,29
"930",1644,2,29
"931",1571,2,29
"932",1565,2,29
"933",2037,2,29
"934",1572,2,29
"935",11862,2,29
"936",1573,5,52
"937",4922,4,41
"938",1574,4,41
"939",1577,4,41
"940",1580,5,52
"941",1585,4,42
"942",4256,3,31
"943",22104,2,29
"944",1590,2,21
"945",1591,1,16
"946",1592,1,13
"947",3613,5,52
"948",1596,3,32
"949",1597,2,21
"950",1598,3,31
"951",15452,3,31
"952",1599,3,31
"953",1600,3,31
"954",1601,3,31
"955",1606,5,50
"956",1607,4,43
"957",1609,2,22
"958",1610,2,22
"959",1611,4,41
"960",1613,4,41
"961",1615,4,41
"962",1620,3,35
"963",11586,3,35
"964",1621,3,35
"965",1628,3,35
"966",1639,2,29
"967",22093,2,29
"968",1640,2,29
"969",18296,2,29
"970",1641,2,29
"971",1643,2,29
"972",1646,1,17
"973",1647,2,23
"974",2240,2,23
"975",12847,4,41
"976",1657,4,41
"977",1658,2,23
"978",1660,5,53
"979",1663,5,52
"980",1664,3,31
"981",1666,3,31
"982",1669,3,31
"983",1670,3,31
"984",1672,1,15
"985",1675,2,26
"986",1676,2,26
"987",1677,2,22
"988",1679,4,41
"989",1680,2,24
"990",1682,3,33
"991",1683,2,22
"992",5520,1,14
"993",1690,3,35
"994",1693,3,35
"995",1694,4,42
"996",21931,5,52
"997",21932,5,52
"998",1696,5,52
"999",1697,2,26
"1000",5511,4,41
"1001",1699,1,11
"1002",18260,2,21
"1003",1702,1,14
"1004",21268,1,15
"1005",18010,5,51
"1006",1703,5,52
"1007",4163,4,42
"1008",1992,2,26
"1009",1708,2,26
"1010",1706,2,26
"1011",1707,2,26
"1012",2242,2,26
"1013",2566,2,26
"1014",1712,2,22
"1015",1713,3,35
"1016",1790,2,29
"1017",1717,2,21
"1018",1718,2,29
"1019",1720,3,31
"1020",1721,3,31
"1021",19943,1,11
"1022",1723,3,35
"1023",4943,3,35
"1024",1725,3,35
"1025",1726,4,41
"1026",1727,3,32
"1027",1515,1,11
"1028",1728,1,11
"1029",1733,4,41
"1030",2312,4,41
"1031",1735,2,23
"1032",1736,3,33
"1033",1739,5,53
"1034",1762,3,35
"1035",1742,3,35
"1036",1743,3,35
"1037",1749,2,26
"1038",19838,2,26
"1039",1753,2,25
"1040",4431,2,24
"1041",1995,2,25
"1042",1756,3,35
"1043",1758,2,29
"1044",1759,4,41
"1045",1766,3,32
"1046",17289,3,31
"1047",1772,2,23
"1048",1734,2,22
"1049",1410,2,29
"1050",1255,2,26
"1051",1773,4,42
"1052",1632,4,41
"1053",4141,3,35
"1054",3149,3,31
"1055",1258,4,41
"1056",1777,4,42
"1057",1775,2,26
"1058",1779,5,53
"1059",1781,3,35
"1060",1785,5,51
"1061",1786,3,31
"1062",1788,3,35
"1063",1789,4,41
"1064",1927,4,41
"1065",1800,4,41
"1066",1801,4,41
"1067",12533,4,41
"1068",2831,4,41
"1069",1805,2,26
"1070",14002,2,26
"1071",1806,3,35
"1072",1815,5,52
"1073",4867,3,32
"1074",1818,3,31
"1075",13684,3,31
"1076",11750,3,35
"1077",22235,3,31
"1078",22112,2,23
"1079",891,3,31
"1080",5066,3,31
"1081",4865,2,21
"1082",4863,3,31
"1083",2271,3,31
"1084",1668,3,31
"1085",4362,3,31
"1086",22157,2,29
"1087",18639,2,21
"1088",21882,1,15
"1089",13743,3,31
"1090",22059,2,29
"1091",21903,3,31
"1092",14429,2,27
"1093",1819,2,23
"1094",1821,5,52
"1095",1822,5,52
"1096",1823,1,16
"1097",17348,3,31
"1098",1828,3,35
"1099",1834,3,35
"1100",13481,3,35
"1101",1838,3,35
"1102",1843,3,31
"1103",1852,3,32
"1104",1030,3,33
"1105",2465,3,35
"1106",1484,3,31
"1107",2279,3,35
"1108",1856,4,41
"1109",1862,3,32
"1110",1864,4,43
"1111",1873,3,33
"1112",1875,3,35
"1113",1876,3,35
"1114",1879,4,41
"1115",20330,4,41
"1116",1880,3,32
"1117",1881,2,26
"1118",1885,2,21
"1119",1892,3,35
"1120",3294,3,35
"1121",1894,2,26
"1122",1895,2,23
"1123",1898,3,35
"1124",1900,4,41
"1125",1906,1,13
"1126",1908,3,32
"1127",1910,2,29
"1128",1913,3,31
"1129",1917,1,11
"1130",1918,4,42
"1131",2275,3,31
"1132",22088,2,29
"1133",13809,3,31
"1134",17433,2,29
"1135",17498,2,29
"1136",1921,3,35
"1137",1930,3,35
"1138",1934,5,51
"1139",1907,4,41
"1140",1939,4,41
"1141",2799,4,41
"1142",1940,3,31
"1143",4950,5,51
"1144",1941,5,51
"1145",1948,2,25
"1146",1949,3,35
"1147",1951,5,53
"1148",1952,5,51
"1149",1962,3,33
"1150",1961,3,33
"1151",1964,3,35
"1152",1965,2,27
"1153",3203,5,53
"1154",1966,5,53
"1155",1974,2,21
"1156",1967,2,21
"1157",1977,3,31
"1158",19859,2,23
"1159",19337,2,23
"1160",1978,2,23
"1161",1980,4,42
"1162",1984,3,31
"1163",7,3,35
"1164",22257,4,42
"1165",21676,4,42
"1166",1988,4,42
"1167",2189,2,21
"1168",2168,5,50
"1169",2149,5,50
"1170",4289,3,31
"1171",1998,3,31
"1172",2763,3,31
"1173",2021,5,53
"1174",2022,1,11
"1175",2023,2,29
"1176",2027,2,25
"1177",4849,1,17
"1178",2035,4,41
"1179",2040,3,31
"1180",2042,2,27
"1181",2043,2,23
"1182",2045,2,28
"1183",2049,2,21
"1184",2058,1,11
"1185",2067,2,29
"1186",2069,1,16
"1187",2072,1,12
"1188",2079,1,15
"1189",4631,2,25
"1190",2082,2,25
"1191",2091,3,33
"1192",20547,2,23
"1193",2111,2,23
"1194",17394,2,23
"1195",2113,4,43
"1196",2117,4,41
"1197",2123,3,35
"1198",2124,3,31
"1199",2146,1,12
"1200",2132,1,12
"1201",1226,1,12
"1202",2134,5,52
"1203",2137,1,17
"1204",2141,4,41
"1205",2147,1,13
"1206",2154,3,33
"1207",2160,4,41
"1208",2158,2,25
"1209",2177,3,35
"1210",2180,2,23
"1211",2186,1,13
"1212",2192,4,43
"1213",2198,4,43
"1214",2200,3,31
"1215",2205,3,35
"1216",2222,2,29
"1217",2233,3,31
"1218",1314,3,31
"1219",2237,1,15
"1220",2270,3,31
"1221",2282,4,41
"1222",2289,3,35
"1223",2779,1,11
"1224",2297,4,43
"1225",3157,5,52
"1226",2288,5,52
"1227",2301,4,41
"1228",2320,3,32
"1229",2308,3,33
"1230",4068,5,53
"1231",2323,1,11
"1232",2332,3,35
"1233",2336,5,52
"1234",3533,3,35
"1235",2343,1,12
"1236",2346,4,43
"1237",2350,1,15
"1238",2356,1,15
"1239",14303,5,52
"1240",2361,5,52
"1241",2702,1,17
"1242",22096,3,35
"1243",2368,3,35
"1244",2369,4,42
"1245",2821,4,43
"1246",2383,4,43
"1247",2389,3,35
"1248",2397,3,32
"1249",1053,2,29
"1250",1645,2,29
"1251",1642,2,29
"1252",1461,2,29
"1253",1364,2,29
"1254",2402,2,29
"1255",3838,2,25
"1256",2408,3,35
"1257",2410,2,23
"1258",2413,2,22
"1259",2423,3,31
"1260",2426,1,15
"1261",2427,2,29
"1262",2428,3,31
"1263",2969,2,29
"1264",2440,3,31
"1265",2456,5,50
"1266",2459,1,15
"1267",2466,2,23
"1268",2469,1,16
"1269",2475,3,31
"1270",12749,2,29
"1271",2474,2,29
"1272",2477,3,31
"1273",2478,4,43
"1274",2488,4,43
"1275",2485,2,23
"1276",2497,2,23
"1277",3609,2,29
"1278",2500,2,29
"1279",2513,4,41
"1280",2521,2,22
"1281",2532,5,52
"1282",2536,1,14
"1283",2537,3,32
"1284",19208,3,32
"1285",19050,3,32
"1286",2538,3,32
"1287",2554,2,21
"1288",2560,2,29
"1289",2568,2,29
"1290",12229,3,32
"1291",2569,3,32
"1292",14342,3,33
"1293",2571,3,33
"1294",20090,3,33
"1295",17933,3,33
"1296",2572,2,29
"1297",2573,4,41
"1298",22197,3,31
"1299",22194,3,31
"1300",2579,3,31
"1301",2581,2,29
"1302",2582,4,41
"1303",2593,2,23
"1304",2616,3,33
"1305",2617,3,33
"1306",2620,4,41
"1307",2623,1,15
"1308",2629,5,51
"1309",2636,3,31
"1310",2642,2,27
"1311",2647,4,43
"1312",2652,3,32
"1313",2677,2,22
"1314",2687,4,43
"1315",12848,3,31
"1316",12772,3,31
"1317",2703,3,31
"1318",5387,3,35
"1319",2724,2,21
"1320",1605,5,50
"1321",2744,3,35
"1322",2766,4,42
"1323",2771,2,29
"1324",2787,4,41
"1325",2793,3,35
"1326",2796,5,52
"1327",2805,4,41
"1328",2806,3,35
"1329",2808,4,41
"1330",2811,3,35
"1331",2814,3,35
"1332",2826,4,43
"1333",14717,2,26
"1334",14321,2,23
"1335",18211,2,26
"1336",4742,2,26
"1337",4153,2,26
"1338",4135,1,13
"1339",4118,2,26
"1340",1504,2,27
"1341",18648,2,27
"1342",2885,3,31
"1343",2835,2,26
"1344",19335,5,52
"1345",18671,1,11
"1346",19844,2,23
"1347",19334,5,53
"1348",18075,2,26
"1349",18652,2,23
"1350",18653,2,26
"1351",18651,1,14
"1352",18650,1,12
"1353",18649,2,24
"1354",18643,2,23
"1355",18023,2,26
"1356",17816,2,29
"1357",2836,5,52
"1358",2843,3,31
"1359",22121,3,33
"1360",2845,2,25
"1361",2849,3,31
"1362",2855,4,43
"1363",2859,1,15
"1364",2870,1,17
"1365",2886,3,35
"1366",2896,4,42
"1367",2903,4,42
"1368",3992,5,53
"1369",2904,5,53
"1370",2910,3,31
"1371",2915,3,31
"1372",2918,1,15
"1373",2613,1,12
"1374",2935,3,31
"1375",2949,2,21
"1376",2950,4,43
"1377",2961,5,51
"1378",2964,5,53
"1379",2971,3,35
"1380",3004,2,27
"1381",3008,3,35
"1382",3012,3,35
"1383",3020,5,52
"1384",3029,1,15
"1385",3034,2,29
"1386",3039,3,32
"1387",3042,2,22
"1388",3051,3,35
"1389",13832,4,41
"1390",3099,2,25
"1391",3146,2,26
"1392",3148,2,26
"1393",3151,4,42
"1394",146,3,35
"1395",3171,4,43
"1396",3172,1,13
"1397",3192,2,25
"1398",3194,3,31
"1399",3204,5,51
"1400",3205,3,31
"1401",3223,5,53
"1402",3268,2,29
"1403",4597,3,35
"1404",3285,2,29
"1405",5133,4,42
"1406",5131,4,42
"1407",4294,4,42
"1408",3948,4,42
"1409",3947,4,42
"1410",3946,4,42
"1411",3295,4,42
"1412",18201,4,42
"1413",17777,4,42
"1414",17277,4,42
"1415",3332,3,33
"1416",3299,2,23
"1417",3302,3,35
"1418",3306,4,43
"1419",3308,3,35
"1420",754,5,52
"1421",3319,5,52
"1422",18474,5,52
"1423",4496,4,41
"1424",3323,3,35
"1425",12784,4,43
"1426",4097,4,43
"1427",3333,4,43
"1428",3337,2,22
"1429",3339,4,43
"1430",14288,4,42
"1431",3360,2,24
"1432",14165,3,31
"1433",3955,3,31
"1434",3368,3,31
"1435",20591,3,31
"1436",2229,3,31
"1437",3954,3,31
"1438",3371,3,31
"1439",3372,3,31
"1440",3375,2,21
"1441",3376,2,26
"1442",3388,2,23
"1443",3393,4,41
"1444",3396,5,53
"1445",3397,1,13
"1446",4261,4,43
"1447",4077,4,43
"1448",3428,3,35
"1449",3431,2,24
"1450",3434,3,31
"1451",3443,4,43
"1452",4006,4,43
"1453",3804,4,43
"1454",3495,4,42
"1455",18257,4,42
"1456",11951,2,29
"1457",3506,2,28
"1458",3509,4,41
"1459",3518,4,42
"1460",3363,1,17
"1461",3522,3,31
"1462",3523,4,43
"1463",3525,3,33
"1464",60,3,35
"1465",3530,3,31
"1466",3782,3,32
"1467",3536,4,41
"1468",3542,3,31
"1469",3543,4,43
"1470",3573,5,53
"1471",3585,2,26
"1472",3584,2,26
"1473",3587,1,12
"1474",1858,2,29
"1475",4460,2,29
"1476",3588,2,29
"1477",3427,2,28
"1478",3270,2,29
"1479",2553,2,29
"1480",1124,2,29
"1481",3590,2,25
"1482",3607,5,52
"1483",3615,2,26
"1484",3617,2,26
"1485",3618,3,35
"1486",3625,2,24
"1487",3631,2,26
"1488",3644,2,24
"1489",3649,4,41
"1490",3663,5,53
"1491",3682,3,33
"1492",3690,3,31
"1493",11289,3,35
"1494",3710,3,33
"1495",3716,3,31
"1496",3724,2,21
"1497",3741,2,21
"1498",14156,3,31
"1499",14029,3,31
"1500",3756,3,31
"1501",18692,3,31
"1502",18520,3,31
"1503",3757,5,52
"1504",3768,4,43
"1505",3769,1,16
"1506",3770,3,35
"1507",3774,2,29
"1508",3775,3,35
"1509",3790,4,41
"1510",3797,4,41
"1511",21992,4,41
"1512",4000,3,35
"1513",3815,5,51
"1514",3817,2,25
"1515",19329,2,25
"1516",4992,2,23
"1517",4791,2,23
"1518",1066,1,17
"1519",2085,2,29
"1520",3788,3,31
"1521",3786,3,31
"1522",3785,2,21
"1523",3777,4,41
"1524",3776,5,51
"1525",2909,2,21
"1526",1996,5,51
"1527",322,3,35
"1528",2470,2,29
"1529",2420,4,41
"1530",2241,3,31
"1531",2171,3,31
"1532",2148,1,17
"1533",3840,4,42
"1534",3853,2,24
"1535",3854,5,53
"1536",3862,2,23
"1537",3866,5,52
"1538",3867,5,53
"1539",3869,2,21
"1540",3877,5,52
"1541",757,1,15
"1542",3879,2,25
"1543",383,1,15
"1544",610,3,33
"1545",18647,1,15
"1546",3881,2,26
"1547",922,3,35
"1548",4596,3,35
"1549",797,1,11
"1550",1122,3,35
"1551",3896,3,35
"1552",4101,5,52
"1553",4100,5,52
"1554",3920,5,52
"1555",3921,2,29
"1556",3930,2,22
"1557",3933,3,35
"1558",3940,3,35
"1559",548,2,21
"1560",3962,2,29
"1561",4017,3,35
"1562",3977,1,16
"1563",3978,3,35
"1564",3980,5,53
"1565",3986,4,41
"1566",3987,5,52
"1567",3996,2,26
"1568",3998,3,33
"1569",4007,3,35
"1570",4037,2,23
"1571",12754,4,41
"1572",4059,3,35
"1573",1161,3,35
"1574",823,2,21
"1575",4079,3,31
"1576",4086,3,35
"1577",4093,4,41
"1578",4104,3,35
"1579",4107,4,43
"1580",4108,2,22
"1581",4121,2,28
"1582",17284,2,21
"1583",2548,1,15
"1584",4150,3,35
"1585",4162,5,52
"1586",4169,3,35
"1587",4534,4,41
"1588",4197,2,22
"1589",4198,5,52
"1590",4257,5,52
"1591",507,3,31
"1592",4259,5,52
"1593",4277,1,13
"1594",14718,4,41
"1595",1520,3,35
"1596",4329,3,31
"1597",4355,1,17
"1598",1853,3,35
"1599",10071,4,43
"1600",13812,3,32
"1601",4399,2,21
"1602",4411,1,11
"1603",4531,2,29
"1604",4428,3,33
"1605",4443,4,43
"1606",4452,1,15
"1607",4492,3,35
"1608",4518,4,42
"1609",4566,2,24
"1610",4532,5,50
"1611",19324,5,50
"1612",16559,2,23
"1613",4533,2,25
"1614",10588,2,26
"1615",12620,3,31
"1616",4567,5,51
"1617",4586,5,52
"1618",4588,5,53
"1619",1359,3,32
"1620",4610,4,42
"1621",4613,1,11
"1622",1638,1,13
"1623",1078,4,41
"1624",1476,3,35
"1625",10385,3,35
"1626",4661,4,41
"1627",16781,1,17
"1628",4669,5,52
"1629",4674,4,42
"1630",4700,2,26
"1631",4702,2,26
"1632",4714,2,27
"1633",4724,3,35
"1634",4725,3,31
"1635",4731,3,35
"1636",4732,5,53
"1637",1432,3,35
"1638",4747,2,29
"1639",12923,3,35
"1640",4751,4,41
"1641",4756,4,42
"1642",344,3,31
"1643",4773,3,31
"1644",4784,2,23
"1645",4810,4,43
"1646",4829,3,35
"1647",5669,3,35
"1648",4983,3,35
"1649",4873,3,35
"1650",778,3,35
"1651",2726,3,35
"1652",2625,3,35
"1653",4836,1,12
"1654",4846,3,31
"1655",18048,3,33
"1656",10016,2,23
"1657",2256,2,23
"1658",4901,5,51
"1659",4902,4,43
"1660",4910,3,31
"1661",4915,1,15
"1662",4917,3,35
"1663",10613,2,26
"1664",4945,2,22
"1665",4251,3,31
"1666",17322,1,17
"1667",4964,2,21
"1668",4969,1,17
"1669",4982,4,42
"1670",4204,3,31
"1671",5008,2,22
"1672",12189,3,31
"1673",5038,1,15
"1674",5045,3,35
"1675",5046,3,35
"1676",5048,3,35
"1677",13944,2,27
"1678",10685,3,32
"1679",1344,4,42
"1680",11841,2,24
"1681",5105,3,33
"1682",1827,4,42
"1683",12661,3,35
"1684",12522,3,35
"1685",3847,2,29
"1686",2287,4,43
"1687",3377,2,29
"1688",11818,4,41
"1689",1944,2,26
"1690",11860,3,31
"1691",1425,2,23
"1692",12268,4,41
"1693",12430,3,33
"1694",4330,4,41
"1695",13782,2,29
"1696",5277,5,53
"1697",5518,4,41
"1698",4416,5,53
"1699",12547,2,24
"1700",10323,3,35
"1701",5362,2,28
"1702",11429,4,43
"1703",788,1,11
"1704",170,3,35
"1705",2494,3,35
"1706",1477,5,53
"1707",11895,5,53
"1708",10116,5,51
"1709",13467,4,42
"1710",139,3,31
"1711",4166,3,31
"1712",4096,4,43
"1713",3669,2,29
"1714",11428,3,31
"1715",14892,3,35
"1716",11807,3,35
"1717",12766,4,41
"1718",12916,5,52
"1719",4094,2,25
"1720",11544,5,52
"1721",12247,5,53
"1722",12723,3,35
"1723",15401,3,35
"1724",4066,3,33
"1725",1931,2,21
"1726",12611,3,35
"1727",5544,1,17
"1728",13417,2,23
"1729",2841,4,41
"1730",2745,1,15
"1731",2140,2,29
"1732",13643,5,51
"1733",5701,1,16
"1734",5706,4,42
"1735",1820,2,22
"1736",601,4,43
"1737",3188,3,31
"1738",1813,1,15
"1739",3162,4,42
"1740",592,3,31
"1741",4098,4,43
"1742",4358,3,31
"1743",1082,2,24
"1744",598,3,31
"1745",717,4,43
"1746",588,4,41
"1747",574,3,33
"1748",3164,5,51
"1749",1166,2,25
"1750",3279,3,31
"1751",1120,3,33
"1752",3165,3,31
"1753",3183,2,28
"1754",4786,1,17
"1755",5036,4,42
"1756",596,3,31
"1757",599,2,29
"1758",3163,3,33
"1759",4503,2,29
"1760",17,3,31
"1761",591,3,35
"1762",14858,3,35
"1763",14401,3,35
"1764",13796,3,35
"1765",18033,3,35
"1766",17355,3,35
"1767",14961,4,43
"1768",4821,3,31
"1769",3657,3,31
"1770",3448,3,31
"1771",13040,1,15
"1772",12735,1,15
"1773",13749,4,41
"1774",17875,1,15
"1775",12869,4,43
"1776",19587,4,43
"1777",19542,4,43
"1778",12922,2,29
"1779",13014,5,53
"1780",13073,4,42
"1781",18956,3,31
"1782",4594,1,11
"1783",1048,3,35
"1784",13845,3,35
"1785",13300,3,31
"1786",14947,1,17
"1787",13657,2,23
"1788",4925,3,35
"1789",13476,4,41
"1790",13484,3,32
"1791",13486,4,43
"1792",13488,3,35
"1793",13527,3,35
"1794",13625,4,42
"1795",54,3,35
"1796",13631,3,33
"1797",16225,2,29
"1798",13648,4,43
"1799",14786,4,41
"1800",14784,4,41
"1801",13677,4,41
"1802",13674,4,41
"1803",13663,3,31
"1804",13666,3,31
"1805",21204,3,35
"1806",19214,2,21
"1807",13716,5,52
"1808",13717,4,42
"1809",13728,1,15
"1810",13752,3,35
"1811",13792,1,11
"1812",13784,5,52
"1813",13783,2,29
"1814",13805,1,15
"1815",13828,3,31
"1816",13883,4,43
"1817",13889,5,52
"1818",17563,2,25
"1819",10349,4,41
"1820",15280,2,25
"1821",13982,1,15
"1822",12817,3,35
"1823",16010,3,32
"1824",14069,3,35
"1825",10251,5,51
"1826",14097,4,42
"1827",17558,1,11
"1828",14095,4,41
"1829",14181,4,43
"1830",14194,3,35
"1831",14297,2,22
"1832",14313,3,31
"1833",4173,5,53
"1834",570,2,24
"1835",13034,3,31
"1836",11584,3,33
"1837",13775,4,41
"1838",2247,3,35
"1839",581,4,43
"1840",14408,5,53
"1841",14412,2,26
"1842",18258,3,35
"1843",14869,5,51
"1844",14860,4,43
"1845",13897,2,21
"1846",14509,2,29
"1847",14727,3,35
"1848",14622,2,28
"1849",15451,3,31
"1850",14715,3,35
"1851",15236,4,43
"1852",14724,4,41
"1853",1807,2,23
"1854",5,2,22
"1855",2156,2,27
"1856",3984,2,26
"1857",1811,5,52
"1858",1808,3,32
"1859",2484,5,53
"1860",1810,3,35
"1861",4699,5,52
"1862",15894,4,43
"1863",14890,3,35
"1864",14901,1,15
"1865",11902,1,15
"1866",22317,1,15
"1867",14879,3,35
"1868",14882,5,53
"1869",349,3,31
"1870",2564,2,25
"1871",14927,3,32
"1872",15135,1,13
"1873",14951,4,41
"1874",14969,3,35
"1875",1946,3,35
"1876",14975,2,29
"1877",1945,5,51
"1878",22145,4,43
"1879",1847,2,21
"1880",22149,3,35
"1881",19256,2,29
"1882",1774,4,41
"1883",22128,2,25
"1884",4959,2,29
"1885",780,5,51
"1886",736,3,32
"1887",18628,2,29
"1888",1502,3,35
"1889",1492,3,31
"1890",1452,2,21
"1891",22153,2,29
"1892",22229,3,35
"1893",22228,3,35
"1894",22227,2,29
"1895",22226,1,15
"1896",22225,2,29
"1897",22124,2,29
"1898",22152,2,29
"1899",22151,1,12
"1900",22150,3,31
"1901",22147,2,26
"1902",22144,5,52
"1903",22140,4,43
"1904",22136,3,31
"1905",22135,2,29
"1906",22134,3,32
"1907",22129,3,31
"1908",22127,2,29
"1909",22126,1,15
"1910",22125,2,29
"1911",22123,2,27
"1912",21900,3,35
"1913",21691,2,26
"1914",21687,3,31
"1915",2576,3,32
"1916",21553,2,29
"1917",21552,1,12
"1918",21693,3,35
"1919",1305,5,51
"1920",21281,5,52
"1921",21280,2,29
"1922",21239,3,35
"1923",2511,3,32
"1924",19298,2,29
"1925",19787,1,15
"1926",20588,4,43
"1927",20587,2,29
"1928",20574,3,33
"1929",19791,2,26
"1930",298,4,41
"1931",2437,2,29
"1932",19788,1,15
"1933",19786,3,32
"1934",19785,3,31
"1935",19783,1,15
"1936",19781,3,31
"1937",19780,2,29
"1938",19323,1,15
"1939",19272,2,25
"1940",19260,2,29
"1941",19255,2,29
"1942",22143,3,35
"1943",2773,1,16
"1944",1233,5,51
"1945",2264,3,32
"1946",18627,2,25
"1947",18626,2,27
"1948",18625,2,29
"1949",21554,3,35
"1950",22130,1,15
"1951",14996,2,29
"1952",15015,4,41
"1953",15032,4,42
"1954",1614,4,41
"1955",3610,5,53
"1956",15059,1,15
"1957",582,4,43
"1958",15079,1,15
"1959",15121,4,42
"1960",852,3,35
"1961",15133,2,28
"1962",17460,4,41
"1963",4785,1,11
"1964",5322,4,43
"1965",584,5,52
"1966",1190,3,35
"1967",15272,2,22
"1968",4090,3,35
"1969",1308,3,32
"1970",15382,5,51
"1971",18631,5,51
"1972",17118,5,51
"1973",1661,5,53
"1974",1507,5,53
"1975",1309,5,53
"1976",15922,3,35
"1977",15383,1,15
"1978",15433,5,51
"1979",5013,3,33
"1980",20340,3,35
"1981",15504,2,29
"1982",15507,1,12
"1983",3252,5,52
"1984",15520,5,50
"1985",15521,3,35
"1986",15522,1,16
"1987",15526,2,23
"1988",1857,3,35
"1989",2462,4,42
"1990",1714,4,41
"1991",595,3,31
"1992",15562,2,23
"1993",15,3,33
"1994",16037,5,53
"1995",15839,2,25
"1996",1326,3,32
"1997",15859,3,35
"1998",15873,3,35
"1999",15980,4,43
"2000",1653,3,32
"2001",16194,3,35
"2002",16245,2,21
"2003",583,2,23
"2004",2770,5,52
"2005",597,3,31
"2006",16502,3,35
"2007",2098,2,23
"2008",2133,1,14
"2009",16525,2,26
"2010",16543,3,35
"2011",16628,5,53
"2012",3849,1,17
"2013",16654,2,29
"2014",17438,1,15
"2015",569,1,15
"2016",16691,2,21
"2017",575,3,31
"2018",1578,4,43
"2019",16728,1,17
"2020",16725,1,15
"2021",3160,2,27
"2022",586,3,33
"2023",580,2,26
"2024",16782,4,43
"2025",16816,1,15
"2026",16864,3,35
"2027",16879,2,26
"2028",16898,1,15
"2029",16943,2,24
"2030",16901,3,35
"2031",16918,2,29
"2032",1893,2,29
"2033",1968,2,28
"2034",16934,3,35
"2035",16948,3,35
"2036",16964,2,23
"2037",16967,3,33
"2038",4504,5,50
"2039",699,1,11
"2040",8,3,31
"2041",572,3,33
"2042",579,2,25
"2043",573,3,32
"2044",585,4,42
"2045",578,2,29
"2046",571,4,41
"2047",12,4,43
"2048",19793,2,23
"2049",17688,2,23
"2050",587,2,26
"2051",15001,4,41
"2052",577,2,27
"2053",3430,3,31
"2054",17014,3,35
"2055",17025,1,15
"2056",17565,2,22
"2057",2753,2,29
"2058",1027,3,33
"2059",20322,2,25
"2060",17115,2,25
"2061",3189,3,31
"2062",576,3,31
"2063",17200,4,43
"2064",1059,2,23
"2065",13106,2,23
"2066",17288,4,41
"2067",600,2,21
"2068",17326,2,21
"2069",2624,4,41
"2070",2202,4,41
"2071",2135,2,23
"2072",17352,2,21
"2073",19883,3,35
"2074",17400,4,43
"2075",17401,5,53
"2076",19171,2,23
"2077",17405,2,22
"2078",5077,1,14
"2079",55,3,35
"2080",17487,1,15
"2081",17559,5,52
"2082",17490,5,52
"2083",17499,2,23
"2084",785,5,51
"2085",17874,5,51
"2086",361,3,35
"2087",17553,2,21
"2088",17590,4,41
"2089",17598,3,35
"2090",17628,2,23
"2091",17657,3,33
"2092",19866,5,51
"2093",17666,1,15
"2094",17667,1,15
"2095",17670,2,23
"2096",17672,3,35
"2097",17889,5,51
"2098",17674,2,21
"2099",17715,2,26
"2100",17731,3,35
"2101",17738,3,33
"2102",1767,5,51
"2103",1731,5,51
"2104",781,5,51
"2105",1587,5,51
"2106",1442,5,51
"2107",2974,5,51
"2108",2973,5,51
"2109",2944,2,29
"2110",2794,5,51
"2111",2791,5,51
"2112",2005,5,51
"2113",2754,1,11
"2114",17749,3,32
"2115",976,5,50
"2116",940,5,50
"2117",17758,2,29
"2118",17763,2,25
"2119",2266,5,52
"2120",18059,2,29
"2121",2246,2,24
"2122",1301,3,35
"2123",17831,5,52
"2124",17854,3,35
"2125",17876,2,29
"2126",17882,4,42
"2127",17886,2,22
"2128",17887,3,35
"2129",18253,2,21
"2130",4199,5,53
"2131",4042,5,53
"2132",18035,3,35
"2133",17926,3,35
"2134",19586,3,35
"2135",17928,3,35
"2136",4632,4,43
"2137",11604,4,42
"2138",4633,4,43
"2139",13359,4,43
"2140",18025,4,42
"2141",19374,2,21
"2142",17982,4,41
"2143",18106,2,21
"2144",18019,3,35
"2145",18046,4,41
"2146",18034,4,43
"2147",18062,1,11
"2148",18067,2,23
"2149",18065,2,23
"2150",18072,3,35
"2151",18051,2,23
"2152",18073,5,51
"2153",18077,1,15
"2154",589,2,24
"2155",19130,3,31
"2156",18148,1,15
"2157",18114,5,51
"2158",18288,3,35
"2159",18133,5,52
"2160",18165,3,35
"2161",18167,2,23
"2162",18267,2,26
"2163",2827,2,22
"2164",21995,4,41
"2165",21821,4,41
"2166",18319,3,33
"2167",1292,3,35
"2168",3939,5,52
"2169",18478,2,23
"2170",18799,2,23
"2171",18463,5,50
"2172",18509,5,53
"2173",18372,3,35
"2174",4780,3,31
"2175",2539,2,21
"2176",652,3,35
"2177",3365,2,29
"2178",18440,1,15
"2179",19319,2,22
"2180",18703,5,53
"2181",18616,5,51
"2182",18637,3,31
"2183",1576,3,32
"2184",18471,2,26
"2185",2041,3,31
"2186",2775,5,51
"2187",2330,5,51
"2188",15445,4,41
"2189",1400,4,41
"2190",18516,1,15
"2191",18506,2,29
"2192",19408,2,29
"2193",18735,2,28
"2194",18708,2,29
"2195",18700,2,29
"2196",18646,2,23
"2197",18623,2,21
"2198",18659,2,23
"2199",18636,2,29
"2200",20607,2,26
"2201",20606,2,29
"2202",18711,3,35
"2203",1738,1,11
"2204",450,1,11
"2205",18667,3,35
"2206",18684,1,13
"2207",18729,2,21
"2208",22101,3,31
"2209",18749,2,22
"2210",19325,3,35
"2211",1716,4,41
"2212",18759,2,23
"2213",1809,2,26
"2214",1932,4,43
"2215",18812,2,29
"2216",3232,4,41
"2217",18814,2,23
"2218",12748,5,50
"2219",1933,3,35
"2220",516,3,33
"2221",493,3,35
"2222",225,3,35
"2223",492,3,35
"2224",1835,1,17
"2225",994,3,33
"2226",1816,3,35
"2227",1804,3,35
"2228",915,5,50
"2229",5217,3,35
"2230",886,3,35
"2231",1711,3,35
"2232",1686,4,42
"2233",4681,3,35
"2234",202,3,33
"2235",4442,3,35
"2236",4293,3,35
"2237",1619,3,35
"2238",416,3,35
"2239",779,5,50
"2240",4029,3,35
"2241",1581,3,31
"2242",1562,3,35
"2243",1545,3,35
"2244",3793,3,31
"2245",723,3,35
"2246",3743,3,35
"2247",722,3,35
"2248",721,3,35
"2249",1465,3,35
"2250",1463,3,35
"2251",3513,3,35
"2252",3456,3,35
"2253",371,3,35
"2254",3400,3,35
"2255",1449,4,41
"2256",3230,2,29
"2257",3186,3,35
"2258",2927,3,31
"2259",2891,3,35
"2260",2879,3,35
"2261",339,2,25
"2262",1313,3,35
"2263",1304,3,35
"2264",2530,3,35
"2265",1291,4,41
"2266",1275,3,35
"2267",1247,5,50
"2268",2257,3,35
"2269",1213,3,35
"2270",1212,3,35
"2271",1194,5,50
"2272",17839,3,35
"2273",2131,3,35
"2274",270,3,35
"2275",2054,5,50
"2276",2039,3,35
"2277",2009,3,35
"2278",1118,3,35
"2279",1096,3,35
"2280",362,3,35
"2281",18826,5,52
"2282",19210,3,35
"2283",2015,3,31
"2284",19281,5,53
"2285",18896,2,26
"2286",21685,2,25
"2287",4889,3,35
"2288",18952,3,31
"2289",19251,4,41
"2290",19173,2,23
"2291",19049,3,32
"2292",18979,3,32
"2293",19297,2,28
"2294",18978,2,25
"2295",19196,4,41
"2296",19189,4,41
"2297",19197,2,26
"2298",19216,5,53
"2299",19198,5,52
"2300",19287,2,21
"2301",19219,5,53
"2302",21757,3,31
"2303",19716,2,26
"2304",19369,2,26
"2305",1866,2,24
"2306",2514,2,24
"2307",19853,4,41
"2308",19349,5,51
"2309",19348,5,53
"2310",19465,2,26
"2311",19476,3,31
"2312",20481,1,15
"2313",1956,2,27
"2314",15428,2,24
"2315",3182,2,27
"2316",2444,2,29
"2317",17896,2,29
"2318",19963,3,31
"2319",19670,4,43
"2320",19512,3,31
"2321",19554,2,21
"2322",1865,3,35
"2323",3839,3,31
"2324",19565,2,26
"2325",3304,2,25
"2326",21494,2,25
"2327",19555,3,31
"2328",19563,4,41
"2329",19842,2,21
"2330",19632,4,42
"2331",19635,5,51
"2332",19607,2,26
"2333",20052,5,52
"2334",481,3,35
"2335",3675,1,12
"2336",19816,5,51
"2337",20636,3,31
"2338",20200,2,23
"2339",19674,2,26
"2340",19860,2,26
"2341",19727,5,53
"2342",19909,5,52
"2343",19861,3,35
"2344",20106,2,26
"2345",21240,2,22
"2346",5473,2,29
"2347",12946,5,51
"2348",3648,5,51
"2349",590,1,15
"2350",1312,5,51
"2351",20328,3,35
"2352",21654,3,35
"2353",20053,3,31
"2354",3303,5,51
"2355",21681,5,51
"2356",20122,2,29
"2357",20100,5,53
"2358",20110,2,21
"2359",20105,2,21
"2360",1637,2,27
"2361",20615,2,23
"2362",22245,2,25
"2363",20455,5,52
"2364",20410,5,52
"2365",4629,3,35
"2366",20499,5,52
"2367",2688,3,35
"2368",3336,4,43
"2369",20586,3,35
"2370",20476,3,35
"2371",20494,2,27
"2372",21459,4,41
"2373",20605,2,29
"2374",20530,3,35
"2375",21444,1,15
"2376",20541,4,41
"2377",20532,2,23
"2378",20682,3,33
"2379",12928,5,52
"2380",15351,4,43
"2381",20570,2,26
"2382",242,3,35
"2383",515,3,33
"2384",1045,3,35
"2385",13620,4,43
"2386",13133,5,52
"2387",1830,4,43
"2388",12791,3,35
"2389",11308,3,35
"2390",926,5,50
"2391",5668,4,42
"2392",1776,3,35
"2393",5555,3,35
"2394",5550,5,52
"2395",5451,3,35
"2396",5303,5,50
"2397",5290,5,53
"2398",5288,3,35
"2399",5216,3,35
"2400",457,3,35
"2401",1710,5,53
"2402",4878,3,35
"2403",4826,3,35
"2404",4656,3,35
"2405",4655,3,35
"2406",4652,3,35
"2407",4616,4,43
"2408",4495,4,42
"2409",4138,3,35
"2410",4013,3,35
"2411",3937,3,35
"2412",3936,3,35
"2413",1518,5,53
"2414",1499,3,35
"2415",3612,3,35
"2416",376,3,35
"2417",3603,3,35
"2418",1478,3,35
"2419",1456,3,35
"2420",671,5,50
"2421",1412,3,35
"2422",22170,3,35
"2423",22169,3,35
"2424",1345,3,35
"2425",2756,5,52
"2426",21924,3,35
"2427",21834,3,35
"2428",21833,3,35
"2429",2355,3,35
"2430",2324,4,42
"2431",2319,4,42
"2432",2194,4,43
"2433",2191,4,43
"2434",1173,5,53
"2435",20643,2,22
"2436",20651,1,13
"2437",3837,3,35
"2438",1295,3,35
"2439",20666,2,26
"2440",20667,4,41
"2441",21200,3,31
"2442",21210,1,15
"2443",21206,3,33
"2444",21095,3,33
"2445",21103,2,29
"2446",21431,3,35
"2447",21165,2,23
"2448",20975,2,26
"2449",21088,2,23
"2450",21201,5,53
"2451",1732,3,35
"2452",21108,4,41
"2453",1797,4,41
"2454",21593,2,23
"2455",21262,2,23
"2456",3541,4,43
"2457",21226,2,29
"2458",21215,5,51
"2459",21355,3,31
"2460",1563,2,22
"2461",21224,2,25
"2462",21362,4,42
"2463",3180,4,41
"2464",21408,5,52
"2465",21519,4,43
"2466",21426,5,50
"2467",21442,3,31
"2468",21446,5,53
"2469",21463,2,23
"2470",21638,3,35
"2471",1812,1,13
"2472",2163,2,29
"2473",21502,3,35
"2474",18745,2,22
"2475",594,3,31
"2476",21540,3,35
"2477",21921,2,22
"2478",21514,2,26
"2479",21675,5,52
"2480",22100,2,28
"2481",21716,2,23
"2482",21557,2,26
"2483",21556,2,26
"2484",21631,2,21
"2485",21583,2,26
"2486",593,3,33
"2487",3161,2,26
"2488",1303,5,52
"2489",15497,2,23
"2490",21672,5,53
"2491",21643,3,35
"2492",3876,3,33
"2493",21940,3,35
"2494",21764,3,35
"2495",21826,3,35
"2496",21873,5,52
"2497",21811,2,23
"2498",21808,5,51
"2499",21950,1,15
"2500",17403,2,23
"2501",21822,3,35
"2502",2436,1,13
"2503",21847,2,23
"2504",21876,3,35
"2505",5107,4,43
"2506",3697,4,43
"2507",22239,1,15
"2508",21877,1,15
"2509",21977,5,51
"2510",21982,2,26
"2511",22017,5,52
"2512",22021,3,35
"2513",22015,4,41
"2514",22089,5,50
"2515",3184,1,14
"2516",22086,2,29
"2517",22073,2,26
"2518",22074,2,24
"2519",22592,5,52
"2520",22075,2,26
"2521",22196,1,15
"2522",22195,1,15
"2523",22193,1,15
"2524",22176,3,35
"2525",10058,2,29
"2526",22263,3,35
"2527",19327,2,26
"2528",16759,1,17
"2529",13938,3,35
"2530",3436,3,35
"2531",319,3,35
"2532",2399,3,35
"2533",18526,3,35
"2534",109,3,35
"2535",4584,4,41
"2536",17662,3,35
"2537",22463,5,52
"2538",13865,4,43
"2539",1745,3,35
"2540",17608,3,35
"2541",1394,2,29
"2542",20700,3,31
"2543",3864,2,29
"2544",19206,2,23
"2545",2076,2,29
"2546",1622,3,35
"2547",131,3,35
"2548",554,3,31
"2549",4053,3,31
"2550",56,3,35
"2551",19252,3,35
"2552",12601,2,21
"2553",17593,3,35
"2554",23410,2,21
"2555",19597,2,23
"2556",826,5,52
"2557",1903,4,41
"2558",1798,4,41
"2559",284,3,31
"2560",1700,3,31
"2561",728,3,31
"2562",18462,3,31
"2563",5592,3,31
"2564",4777,3,31
"2565",2450,3,31
"2566",1252,3,31
"2567",2311,3,31
"2568",2145,3,31
"2569",945,3,31
"2570",2443,3,31
"2571",18036,3,31
"2572",633,3,33
"2573",2832,2,22
"2574",21321,5,52
"2575",12899,3,31
"2576",18009,5,52
"2577",3311,3,32
"2578",21537,4,43
"2579",1374,5,51
"2580",22204,5,51
"2581",4765,4,41
"2582",23725,5,53
"2583",74,3,35
"2584",4357,3,35
"2585",5000,4,41
"2586",1290,3,35
"2587",4123,5,52
"2588",15450,3,31
"2589",14242,3,31
"2590",14161,3,31
"2591",22326,5,53
"2592",254,3,35
"2593",4847,2,24
"2594",4995,3,35
"2595",24462,3,35
"2596",1232,4,41
"2597",1346,3,31
"2598",1850,4,41
"2599",458,3,35
"2600",18497,2,21
"2601",4823,2,23
"2602",2783,2,23
"2603",4367,2,23
"2604",1433,3,35
"2605",1973,3,35
"2606",2895,4,43
"2607",58,3,35
"2608",4201,2,25
